text,label
"It follows from the rules governing proceedings before the EU Courts, in particular Article 21 of the Statute of the Court of Justice of the European Union, applicable before the General Court pursuant to the first paragraph of Article 53 of that Statute and Article 44(1) of the Rules of Procedure of the General Court, in the version applicable when the originating application was lodged, that the case is in principle determined and delimited by the parties and that the EU Courts cannot adjudicate ultra petita (see, to that effect, judgment of 10 December 2013, Commission v Ireland and Others, C‑272/12 P, EU:C:2013:812, paragraph 27).",prem
"While certain pleas may, and indeed must, be raised by the courts of their own motion, such as the question whether a statement of reasons for the decision at issue is lacking or is inadequate, which falls within the scope of essential procedural requirements, a plea going to the substantive legality of that decision, which falls within the scope of infringement of the Treaties or of any rule of law relating to their application, within the meaning of Article 263 TFEU, can, by contrast, be examined by the Courts of the European Union only if it is raised by the applicant (judgment of 10 December 2013, Commission v Irelandand Others, C‑272/12 P, EU:C:2013:812, paragraph 28 and the case-law cited).",prem
"In the present case, it must be observed that it is apparent from the actual wording of the second plea in law raised by the Italian Republic before the General Court that that plea concerns the infringement of Article 1(c) of Regulation No 659/1999, which defines the concept of ‘new aid’.",prem
"Moreover, the complaint concerning the infringement of that provision is formulated differently from the one concerning the infringement of Article 4(1) of Regulation No 794/2004 and the failure to state adequate reasons.",prem
"In addition, in paragraphs 54 to 56 of the originating application, the Italian Republic claimed that the withdrawal of the aid resulting from the deferral of payment, in itself, is equivalent to the consequence laid down in the TFEU in the event of a finding that that aid is unlawful, and therefore should not also lead to the withdrawal of aid legally granted beforehand under the system of staggered payments.",prem
"In paragraph 56 of its application, it claimed, in that regard, that ‘there is no evidence capable of establishing that the beneficiaries of the existing aid who benefited from the measure at issue are required to repay not only the amount corresponding to the measure at issue, but also that received as part of the existing aid (and therefore, on the basis of the authorisation decision, the interest unpaid on the first staggered payment)’.",prem
"Furthermore, in paragraph 57 of that application, the Italian Republic argued: ‘Nor is it possible to take the view that the recovery decision may be extended to existing aid as a result of a substantial alteration to that aid which is capable of resulting in those two measures being regarded as a single new aid, not notified to the Commission and therefore unlawful’.",prem
"Such a finding, in its opinion, would be ‘the clear result of a distortion of the concept of “alteration of existing aid”, relevant for the application of Article 1(c) of Regulation No 659/1999’, as is apparent from the first sentence of paragraph 58 of that application.",prem
"Therefore, contrary to what the Commission submits, the Italian Republic argued in its application at first instance that the Commission had infringed Article 1(c) of Regulation No 659/1999 by classifying, in the decision at issue, the staggering of payments as new and unlawful aid, and by wrongly requiring that Member State to recover that aid.",prem
"In addition, as the Advocate General stated in point 38 of his opinion, it is clear from paragraphs 22 and 32 to 36 of the defence lodged by the Commission before the General Court that the Commission had indeed understood that complaint which it summarised and refuted in its pleading.",prem
"It follows that the General Court, contrary to what the Commission argues, did not raise of its own motion a plea relating to the substantive legality of the decision at issue by ruling on the second plea in law of the application before it.",prem
"By the first part of this ground of appeal, the Commission challenges the interpretation of the concepts of ‘new aid’ and ‘existing aid’, within the meaning of Article 1(b) and (c) of Regulation No 659/1999, on which the General Court’s reasoning in paragraphs 74 to 91 of the judgment under appeal is based.",prem
"As a preliminary point, it must be observed that, in paragraphs 69 to 76 of that judgment, the General Court relied on, among the various procedures which the Commission could have used where a Member State had not complied with a decision which declared aid or an aid scheme compatible with the internal market subject to certain conditions, the procedure relating to unlawful aid, laid down in Chapter III of Regulation No 659/1999.",prem
"In that regard, the General Court stated, in paragraphs 69 and 70 of that judgment, that ‘since the infringement attributed to the Italian Republic consisted in the granting of a measure likely to be classified as new aid, the Commission was entitled to use [that procedure] … in order to examine that measure, as it decided to do in the present case’, but ‘had to comply, in that context, with the substantive conditions enabling it to classify not only the deferral of payment taken in isolation but also the whole of the pre-existing system of staggered payments as aid or as an aid scheme which is new and unlawful’.",prem
"The General Court considered, in paragraph 76 of that judgment, ‘that the possibility, for the Commission, of classifying as new, and, where necessary, unlawful, aid not only the alterations of existing aid, but also all the existing aid to which that alteration relates, was subject, as regards the substance, to the condition that the Commission establish that the alteration affected the very substance of the pre-existing measure’.",prem
"It added that, ‘in the event that the Member Sate concerned submits, during the administrative procedure, either that that alteration is clearly severable from the pre-existing measure, or that it is purely formal or administrative in character and is not capable of influencing the assessment of the compatibility of that measure with the internal market, the Commission must justify why [the arguments of that Member State] appear to it to be unfounded’.",prem
"In paragraphs 78 to 80 of the judgment under appeal, the General Court considered that the Commission had not demonstrated in the decision at issue that the deferral of payment affected the actual substance of the system of staggered payments, a question which it considered to be irrelevant.",prem
"The General Court thus concluded, in paragraphs 81 and 82 of that judgment, that the Commission not only ‘misconstrued the concept of “new aid” by reclassifying an existing aid scheme as new unlawful aid without complying with the substantive conditions laid down in Regulation No 659/1999’, but also wrongly ordered the recovery of the aid granted under the existing aid scheme.",prem
"In doing so, it rejected, in paragraphs 83 to 91 of that judgment, the arguments put forward by the Commission to show that the failure by the Italian authorities to comply with one of the conditions in the declaration of compatibility adopted by the Council entailed, in essence, the reclassification of the existing aid scheme as new and unlawful aid.",prem
"The Court must therefore ascertain whether, as the Commission claims, the General Court’s reasoning is vitiated by an error of law.",prem
"Under the terms of the Council decision, the Italian Republic was authorised in 2003, as is apparent from Article 1 of that decision, to take the place of its milk producers and to pay to the European Union the sum owed by those producers by virtue of the additional levy on milk and milk products for the period 1995/1996 to 2001/2002, and to allow those producers to repay their debt to the Italian Republic by way of an interest-free deferral of payment over a number of years.",prem
"The aid scheme authorised by that decision thus consisted, essentially, in granting to the Italian milk producers interest-free loans which were to be repaid in instalments over a number of years.",prem
"It follows from Article 1 of the Council decision that the Council considered, ‘exceptionally’, the system of staggered payments to be compatible with the internal market and made that compatibility subject to the condition that, first, ‘repayment shall be in full by yearly instalments of equal size,’ and secondly, ‘the repayment period shall not exceed 14 years, starting from 1 January 2004.",prem
"Recital 8 of the Council decision relating to the reasons underpinning that decision, states that the Council considered that, ‘in order to avoid the imposition of heavy financial burdens on the individual Italian milk producers concerned, which would probably be caused by the immediate recovery in full of all the amounts due [to the Community by virtue of the additional levy on milk and milk products as a result of those producers exceeding the reference quantities in the periods 1995/1996 to 2001/2002] and thus to alleviate the existing social tensions’, ‘exceptional circumstances … [justified] considering the aid which the Italian Republic [intended] to grant to these milk producers in the form of an advance and a deferred payment to be compatible with the [internal] market in derogation from Article [107 TFEU], if the conditions laid down in this Decision are fulfilled’.",prem
"It thus follows from Article 1 of the Council decision, read in the light of recital 8 of that decision, that the Council made the grant of that exceptional aid expressly dependent on the milk producers complying with two conditions, that is to say, first, the producers are required to repay the aid granted in full by yearly instalments of equal size, and secondly, the repayment period will be limited by an instalment plan beginning on 1 January 2004 and must not go beyond 14 years.",prem
"Thus, it follows from that decision that, in the opinion of the Council, the compatibility of that scheme with the internal market and ultimately the authorisation of that scheme are subject to compliance with the conditions laid down in Article 1 of that decision.",prem
"However, by legge n. 10, Conversione in legge, con modificazioni, del decreto-legge 29 dicembre 2010, n. 225, recante proroga di termini previsti da disposizioni legislative e di interventi urgenti in materia tributaria e di sostegno alle imprese e alle famiglie (Law No 10, converting into law, with amendments, Decree-Law No 225 of 29 December 2010, extending time-limits laid down by legislative provisions and urgent interventions in tax matters and to support undertakings and families) of 26 February 2011 (GURI No 47 of 26 February 2011, Ordinary Supplement No 53), which entered into force on 27 February 2011, the Italian Republic deferred until 30 June 2011 payment of the annual instalments due on 31 December 2010.",prem
"That deferral of payment did not take into account the condition laid down in Article 1 of the Council decision, under which interest-free loans granted by the Italian Republic are to be reimbursed in yearly instalments of equal size, where compliance with that condition was regarded by the Council as ensuring compatibility of the aid with the single market.",prem
"Consequently, it must be observed that the legislative alteration referred to in paragraph 42 above had the effect of transforming the aid scheme authorised by the Council decision into new and unlawful aid.",prem
"That finding follows from the examination of the wording, context and aim of Article 1(c) of Regulation No 659/1999.",prem
"Thus, by virtue of Article 1(c) of that regulation, ‘new aid’ is defined as ‘all aid, that is to say, aid schemes and individual aid, which is not existing aid, including alterations to existing aid’.",prem
"Since that provision is established in broad terms, it is capable of covering not only the alteration itself, but also the aid concerned by that alteration.",prem
"In addition, it must be pointed out that, according to Article 1(b)(ii) of that regulation, ‘existing aid’ is understood as being, inter alia, ‘authorised aid, that is to say, aid schemes and individual aid which have been authorised by the Commission or by the Council’.",prem
"Thus, aid which was the subject of an authorisation decision and which, as a result of an alteration that did not satisfy a condition laid down by that decision in order to ensure the compatibility of that aid with the internal market, is no longer covered by the decision which authorised it, may constitute new aid.",prem
"The deferral of payment does not constitute an alteration of a purely formal or administrative nature, nor can it be qualified as an increase in the original budget of an aid scheme within the meaning of Article 4(1) of Regulation No 794/2004.",prem
"That measure was taken in breach of an authorisation condition governing the repayment of aid authorised exceptionally by the Council under the third subparagraph of Article 108(2) TFEU, a condition which the Council decided would ensure the compatibility of the aid scheme at issue with the internal market.",prem
"Thus, contrary to what the Italian Republic maintains, the Commission was correct in concluding that new aid had been granted, relying solely on the failure to satisfy that condition.",prem
"It must be added that a sufficiently broad interpretation of the concept of ‘new aid’, within the meaning of Article 1(c) of Regulation No 659/1999, covering not only the alteration made by the Member State concerned to an existing aid scheme, in breach of the authorisation conditions for that scheme, but also the entire aid scheme as altered, makes it possible to ensure the effectiveness of the system of review of State aid in the European Union by promoting compliance by the Member State concerned with the authorisation conditions for the aid scheme.",prem
"Thus, if a Member State makes an alteration to an existing aid scheme in breach of an authorisation condition for that scheme, that Member State will have no guarantee that the authorised aid scheme is not affected by that alteration and that the advantages granted on the basis of that scheme will therefore be retained.",prem
"The case-law of the Court of Justice relied on by the Italian Republic in support of its arguments, set out in paragraph 26 above, is not relevant to the present case.",prem
"First, it is apparent from paragraph 21 of the judgment of 9 October 1984, Heineken Brouwerijen (91/83 and 127/83, EU:C:1984:307), that, if a plan initially notified has in the meantime undergone an alteration of which the Commission has not been informed, the prohibition on implementation in Article 108(3) TFEU applies to the plan as altered in its entirety.",prem
The position would be different only if that alteration in fact constituted a separate aid measure which should be assessed separately and which would therefore not be such as to influence the assessment which the Commission already made of the original aid plan;,prem
"in that case, the prohibition applies only to the aid measure introduced by the alteration.",prem
"In the light of the finding in paragraph 43 above, that scenario does not concern the alteration at issue, in that it affects a condition to which the declaration of compatibility of the original aid plan was subject.",prem
"Secondly, in paragraphs 89 to 95 of the judgment of 13 June 2013, HGA and Others v Commission (C‑630/11 P to C‑633/11 P, EU:C:2013:387), the Court of Justice examined the issue whether the alteration made to an original aid scheme in breach of the approval conditions for that aid scheme constituted an alteration of existing aid, within the meaning of Article 1(c) of Regulation No 659/1999, thereby giving rise to new and unlawful aid.",prem
"It did not, however, examine the effects of that alteration on the original aid scheme.",prem
"The General Court, in paragraph 76 of the judgment under appeal, required the Commission to establish that the alteration to the existing aid affects the very substance of the pre-existing measure, in order to classify as new, and where necessary, unlawful, aid, not only that alteration, but also all the existing aid to which that alteration relates.",prem
"In doing so, the General Court misconstrued the concept of ‘new aid’, within the meaning of Article 1(c) of Regulation No 659/1999, and therefore committed an error of law.",prem
"As is apparent from paragraphs 46 to 52 above and as was observed, in essence, by the Advocate General in point 76 of his Opinion, existing aid which has been altered in breach of the compatibility conditions imposed by the Commission or the Council can no longer be regarded as authorised and, as a result, loses the status of existing aid in its entirety.",prem
"Therefore, the General Court, having held, in paragraphs 81 and 82 of the judgment under appeal, after examining the grounds of the decision at issue in paragraphs 77 to 80 of that judgment, that ‘the Commission [had] not only misconstrued the concept of “new aid” by reclassifying an existing aid scheme as new unlawful aid without complying with the substantive conditions laid down in Regulation No 659/1999 and the case-law on that subject’, but ‘also, and consequently, wrongly ordered the recovery, from the milk producers who benefited from the deferral of payment, … the individual aid granted … under that existing aid scheme’ committed another error of law.",prem
"In the light of the foregoing, the first ground of appeal must be rejected as unfounded.",conc
"In view of the foregoing considerations, the second ground of appeal should be upheld and paragraphs 1 and 2 of the operative part of the judgment under appeal should be set aside, without it being necessary to examine either the second part of the second ground of appeal or the third ground of appeal.",conc
